Data;value
2010-01-01;41.651044
2010-01-02;131.286604
2010-01-03;117.388117
2010-01-04;116.46128
2010-01-05;123.823765
2010-01-06;104.285555
2010-01-07;227.972179
2010-01-08;190.955956
2010-01-09;144.632818
2010-01-10;110.763409
2010-01-11;175.913299
2010-01-12;162.546184
2010-01-13;145.120429
2010-01-14;144.649713
2010-01-15;152.625166
2010-01-16;112.59012
2010-01-17;96.006014
2010-01-18;130.464809
2010-01-19;135.666256
2010-01-20;144.797038
2010-01-21;140.312431
2010-01-22;134.976377
2010-01-23;112.657485
2010-01-24;88.68394
2010-01-25;120.638688
2010-01-26;123.070932
2010-01-27;136.875664
2010-01-28;136.40473
2010-01-29;131.601254
2010-01-30;113.154061
2010-01-31;83.629398
2010-02-01;148.523645
2010-02-02;132.581751
2010-02-03;125.859367
2010-02-04;130.928032
2010-02-05;147.501913
2010-02-06;119.211157
2010-02-07;100.810889
2010-02-08;129.047368
2010-02-09;133.631233
2010-02-10;133.2988
2010-02-11;149.920332
2010-02-12;133.86186
2010-02-13;124.973234
2010-02-14;118.762127
2010-02-15;148.031344
2010-02-16;145.905876
2010-02-17;134.587865
2010-02-18;139.211125
2010-02-19;134.685092
2010-02-20;115.226749
2010-02-21;103.408196
2010-02-22;125.863532
2010-02-23;122.144474
2010-02-24;140.784143
2010-02-25;133.449539
2010-02-26;148.713592
2010-02-27;104.886137
2010-02-28;91.276588
2010-03-01;122.951915
2010-03-02;147.164273
2010-03-03;145.818317
2010-03-04;136.323405
2010-03-05;119.840007
2010-03-06;131.336893
2010-03-07;105.310055
2010-03-08;128.93699
2010-03-09;135.84345
2010-03-10;155.075077
2010-03-11;182.340483
2010-03-12;148.850924
2010-03-13;128.271874
2010-03-14;112.533955
2010-03-15;176.936491
2010-03-16;153.638083
2010-03-17;133.925845
2010-03-18;142.268053
2010-03-19;129.503491
2010-03-20;143.512884
2010-03-21;116.958781
2010-03-22;133.507098
2010-03-23;137.197778
2010-03-24;125.321316
2010-03-25;119.888958
2010-03-26;130.54
2010-03-27;134.666187
2010-03-28;114.215155
2010-03-29;115.149217
2010-03-30;135.409251
2010-03-31;113.181685
2010-04-01;141.457408
2010-04-02;110.166763
2010-04-03;138.518936
2010-04-04;114.660058
2010-04-05;69.717735
2010-04-06;145.376606
2010-04-07;144.520892
2010-04-08;165.861902
2010-04-09;124.404201
2010-04-10;140.399989
2010-04-11;122.655303
2010-04-12;136.820172
2010-04-13;124.520986
2010-04-14;151.767257
2010-04-15;150.438833
2010-04-16;149.491651
2010-04-17;120.090753
2010-04-18;145.084
2010-04-19;126.993623
2010-04-20;115.222406
2010-04-21;129.877508
2010-04-22;125.445961
2010-04-23;130.680482
2010-04-24;133.727393
2010-04-25;83.816693
2010-04-26;124.319828
2010-04-27;151.230014
2010-04-28;124.248569
2010-04-29;140.14677
2010-04-30;122.492533
2010-05-01;68.098212
2010-05-02;114.553891
2010-05-03;113.301829
2010-05-04;118.513683
2010-05-05;141.778622
2010-05-06;115.136916
2010-05-07;140.621564
2010-05-08;130.404275
2010-05-09;101.200102
2010-05-10;124.668932
2010-05-11;118.715108
2010-05-12;122.366156
2010-05-13;111.069416
2010-05-14;121.991727
2010-05-15;124.293497
2010-05-16;81.250589
2010-05-17;114.74986
2010-05-18;127.202106
2010-05-19;129.887635
2010-05-20;144.180012
2010-05-21;122.320212
2010-05-22;107.32621
2010-05-23;74.370356
2010-05-24;120.569283
2010-05-25;146.330236
2010-05-26;142.014435
2010-05-27;146.814992
2010-05-28;122.313292
2010-05-29;91.256338
2010-05-30;112.683316
2010-05-31;140.221887
2010-06-01;169.970856
2010-06-02;86.337264
2010-06-03;112.454174
2010-06-04;114.757525
2010-06-05;174.356437
2010-06-06;118.287619
2010-06-07;120.199443
2010-06-08;116.059764
2010-06-09;124.556018
2010-06-10;131.173769
2010-06-11;145.006956
2010-06-12;155.659857
2010-06-13;96.318192
2010-06-14;136.495426
2010-06-15;135.744813
2010-06-16;129.707509
2010-06-17;132.96688
2010-06-18;142.654474
2010-06-19;110.302189
2010-06-20;79.290934
2010-06-21;111.842259
2010-06-22;135.320788
2010-06-23;129.764198
2010-06-24;121.476485
2010-06-25;134.528621
2010-06-26;104.226384
2010-06-27;79.586481
2010-06-28;128.836731
2010-06-29;126.515359
2010-06-30;131.960041
2010-07-01;142.247678
2010-07-02;169.510699
2010-07-03;121.992091
2010-07-04;100.000711
2010-07-05;139.689856
2010-07-06;131.376349
2010-07-07;155.793441
2010-07-08;152.735959
2010-07-09;164.491781
2010-07-10;120.093313
2010-07-11;106.182421
2010-07-12;143.257641
2010-07-13;183.609148
2010-07-14;188.037365
2010-07-15;176.352448
2010-07-16;187.080334
2010-07-17;137.62832
2010-07-18;88.20589
2010-07-19;127.634154
2010-07-20;201.328568
2010-07-21;186.109923
2010-07-22;202.385293
2010-07-23;208.164691
2010-07-24;129.254327
2010-07-25;100.132048
2010-07-26;111.190223
2010-07-27;137.446835
2010-07-28;211.176763
2010-07-29;129.477816
2010-07-30;116.208054
2010-07-31;142.737426
2010-08-01;117.45
2010-08-02;159.47544
2010-08-03;143.437083
2010-08-04;151.306682
2010-08-05;152.820758
2010-08-06;135.579255
2010-08-07;144.942119
2010-08-08;119.888371
2010-08-09;118.306501
2010-08-10;109.656701
2010-08-11;115.34684
2010-08-12;118.050046
2010-08-13;111.413571
2010-08-14;145.685991
2010-08-15;88.605041
2010-08-16;107.086288
2010-08-17;111.785184
2010-08-18;109.13075
2010-08-19;120.515396
2010-08-20;115.021541
2010-08-21;131.715343
2010-08-22;117.439898
2010-08-23;182.204862
2010-08-24;184.017686
2010-08-25;182.052075
2010-08-26;181.48213
2010-08-27;184.160128
2010-08-28;122.377454
2010-08-29;118.064885
2010-08-30;169.74
2010-08-31;206.01
2010-09-01;199.239396
2010-09-02;199.960024
2010-09-03;183.503207
2010-09-04;135.226029
2010-09-05;118.043212
2010-09-06;134.121651
2010-09-07;135.411695
2010-09-08;150.549539
2010-09-09;165.354818
2010-09-10;157.8523
2010-09-11;137.514346
2010-09-12;130.887429
2010-09-13;150.32528
2010-09-14;163.338734
2010-09-15;152.339119
2010-09-16;145.866978
2010-09-17;154.607292
2010-09-18;137.804142
2010-09-19;112.495563
2010-09-20;136.448521
2010-09-21;139.708144
2010-09-22;204.444179
2010-09-23;140.244514
2010-09-24;135.655281
2010-09-25;131.208806
2010-09-26;115.254805
2010-09-27;130.253684
2010-09-28;135.409733
2010-09-29;129.565678
2010-09-30;137.215601
2010-10-01;126.366487
2010-10-02;130.593334
2010-10-03;98.204012
2010-10-04;143.560108
2010-10-05;141.861622
2010-10-06;184.102662
2010-10-07;136.815822
2010-10-08;139.813922
2010-10-09;120.77316
2010-10-10;93.745553
2010-10-11;125.086075
2010-10-12;139.312889
2010-10-13;131.077232
2010-10-14;129.989777
2010-10-15;132.892545
2010-10-16;112.398557
2010-10-17;118.123289
2010-10-18;169.423686
2010-10-19;154.547935
2010-10-20;168.489506
2010-10-21;170.859139
2010-10-22;159.783691
2010-10-23;131.505391
2010-10-24;110.566333
2010-10-25;142.913445
2010-10-26;146.180208
2010-10-27;141.167553
2010-10-28;141.859976
2010-10-29;130.316368
2010-10-30;154.349531
2010-10-31;107.271718
2010-11-01;96.286178
2010-11-02;199.309108
2010-11-03;118.268842
2010-11-04;114.377662
2010-11-05;121.933983
2010-11-06;116.678664
2010-11-07;94.555191
2010-11-08;124.135246
2010-11-09;127.449268
2010-11-10;125.614642
2010-11-11;120.055341
2010-11-12;121.137708
2010-11-13;113.692335
2010-11-14;102.501297
2010-11-15;128.308548
2010-11-16;128.34562
2010-11-17;128.228132
2010-11-18;122.108257
2010-11-19;138.440312
2010-11-20;112.850117
2010-11-21;99.85679
2010-11-22;125.058486
2010-11-23;131.170096
2010-11-24;129.233642
2010-11-25;132.376216
2010-11-26;140.336309
2010-11-27;117.523704
2010-11-28;103.583673
2010-11-29;139.534129
2010-11-30;138.122809
2010-12-01;143.246885
2010-12-02;143.608567
2010-12-03;137.390054
2010-12-04;128.642492
2010-12-05;101.463823
2010-12-06;131.828871
2010-12-07;141.824575
2010-12-08;121.346106
2010-12-09;127.481076
2010-12-10;123.987383
2010-12-11;124.644759
2010-12-12;114.049997
2010-12-13;145.0891
2010-12-14;147.462945
2010-12-15;151.013151
2010-12-16;141.346808
2010-12-17;141.353459
2010-12-18;130.704383
2010-12-19;117.189632
2010-12-20;129.412246
2010-12-21;133.366774
2010-12-22;124.396786
2010-12-23;111.859989
2010-12-24;121.952715
2010-12-25;99.394193
2010-12-26;133.368991
2010-12-27;117.740141
2010-12-28;116.86496
2010-12-29;112.35411
2010-12-30;111.562255
2010-12-31;94.812795
2011-01-01;130.248131
2011-01-02;134.310244
2011-01-03;129.471787
2011-01-04;136.400463
2011-01-05;128.340472
2011-01-06;104.578098
2011-01-07;130.282928
2011-01-08;129.464093
2011-01-09;134.451656
2011-01-10;140.02002
2011-01-11;136.621218
2011-01-12;136.927363
2011-01-13;135.792581
2011-01-14;143.559364
2011-01-15;129.133639
2011-01-16;89.960581
2011-01-17;132.933352
2011-01-18;142.56222
2011-01-19;139.401135
2011-01-20;137.715549
2011-01-21;141.448299
2011-01-22;125.321274
2011-01-23;105.682086
2011-01-24;144.207868
2011-01-25;141.546458
2011-01-26;139.921783
2011-01-27;137.591611
2011-01-28;135.50552
2011-01-29;129.294882
2011-01-30;133.396685
2011-01-31;144.986398
2011-02-01;132.976822
2011-02-02;130.839768
2011-02-03;130.262403
2011-02-04;133.261879
2011-02-05;122.630198
2011-02-06;115.835604
2011-02-07;141.410819
2011-02-08;139.766585
2011-02-09;141.357446
2011-02-10;136.621951
2011-02-11;141.828811
2011-02-12;125.436297
2011-02-13;134.926687
2011-02-14;136.584054
2011-02-15;144.162265
2011-02-16;138.66086
2011-02-17;140.196831
2011-02-18;163.193876
2011-02-19;121.697771
2011-02-20;121.226452
2011-02-21;166.765658
2011-02-22;160.127494
2011-02-23;147.27178
2011-02-24;172.984725
2011-02-25;159.117237
2011-02-26;142.518131
2011-02-27;117.523624
2011-02-28;151.461836
2011-03-01;154.124492
2011-03-02;152.952223
2011-03-03;146.917622
2011-03-04;146.431728
2011-03-05;128.496202
2011-03-06;116.93265
2011-03-07;150.480885
2011-03-08;149.581991
2011-03-09;160.608972
2011-03-10;146.066371
2011-03-11;146.008561
2011-03-12;130.337687
2011-03-13;106.351537
2011-03-14;145.043289
2011-03-15;150.651307
2011-03-16;143.901524
2011-03-17;125.062291
2011-03-18;185.117401
2011-03-19;142.122789
2011-03-20;110.515622
2011-03-21;144.601774
2011-03-22;146.723334
2011-03-23;143.885547
2011-03-24;144.167288
2011-03-25;164.233727
2011-03-26;137.355098
2011-03-27;133.512256
2011-03-28;135.536914
2011-03-29;144.658054
2011-03-30;144.786005
2011-03-31;139.672754
2011-04-01;132.260512
2011-04-02;135.678788
2011-04-03;125.676938
2011-04-04;137.71242
2011-04-05;137.413105
2011-04-06;130.50177
2011-04-07;161.508994
2011-04-08;133.976382
2011-04-09;130.84536
2011-04-10;98.872632
2011-04-11;132.327164
2011-04-12;128.116758
2011-04-13;129.113439
2011-04-14;147.442854
2011-04-15;149.067157
2011-04-16;137.984046
2011-04-17;120.422083
2011-04-18;136.469118
2011-04-19;135.164993
2011-04-20;181.416487
2011-04-21;133.855564
2011-04-22;125.543204
2011-04-23;109.999595
2011-04-24;141.908021
2011-04-25;84.593698
2011-04-26;180.100131
2011-04-27;147.732557
2011-04-28;143.441067
2011-04-29;137.045875
2011-04-30;150.385018
2011-05-01;113.250972
2011-05-02;137.600705
2011-05-03;159.025496
2011-05-04;151.291743
2011-05-05;151.356972
2011-05-06;148.562612
2011-05-07;142.80831
2011-05-08;129.468713
2011-05-09;144.282367
2011-05-10;148.611331
2011-05-11;152.869334
2011-05-12;154.280429
2011-05-13;147.441024
2011-05-14;147.093802
2011-05-15;128.251769
2011-05-16;148.264422
2011-05-17;148.473
2011-05-18;147.471914
2011-05-19;162.741539
2011-05-20;161.630628
2011-05-21;138.709409
2011-05-22;133.688072
2011-05-23;165.706596
2011-05-24;152.676431
2011-05-25;153.900506
2011-05-26;158.932136
2011-05-27;159.270003
2011-05-28;156.87668
2011-05-29;137.97628
2011-05-30;149.06829
2011-05-31;151.803758
2011-06-01;145.940434
2011-06-02;117.770971
2011-06-03;152.180595
2011-06-04;139.507621
2011-06-05;134.203631
2011-06-06;138.745816
2011-06-07;141.213046
2011-06-08;136.585988
2011-06-09;139.936056
2011-06-10;137.161184
2011-06-11;123.273922
2011-06-12;117.327236
2011-06-13;145.682926
2011-06-14;132.517491
2011-06-15;153.611166
2011-06-16;148.257782
2011-06-17;140.752706
2011-06-18;136.985112
2011-06-19;114.683286
2011-06-20;135.026319
2011-06-21;138.988219
2011-06-22;158.219856
2011-06-23;165.683872
2011-06-24;146.101778
2011-06-25;125.591203
2011-06-26;107.637583
2011-06-27;150.541006
2011-06-28;167.832843
2011-06-29;163.153288
2011-06-30;164.919385
2011-07-01;167.706791
2011-07-02;147.609843
2011-07-03;120.819308
2011-07-04;163.279228
2011-07-05;159.055927
2011-07-06;155.911659
2011-07-07;162.710119
2011-07-08;159.689901
2011-07-09;132.024632
2011-07-10;124.586075
2011-07-11;169.124069
2011-07-12;174.099241
2011-07-13;209.808234
2011-07-14;204.836521
2011-07-15;178.26647
2011-07-16;119.120969
2011-07-17;82.00588
2011-07-18;138.135837
2011-07-19;153.377599
2011-07-20;151.95874
2011-07-21;141.10254
2011-07-22;152.066963
2011-07-23;125.415016
2011-07-24;93.31055
2011-07-25;140.242594
2011-07-26;172.47
2011-07-27;148.854464
2011-07-28;156.253769
2011-07-29;133.092113
2011-07-30;124.883029
2011-07-31;77.225323
2011-08-01;120.501757
2011-08-02;156.418256
2011-08-03;138.665367
2011-08-04;143.817518
2011-08-05;137.828153
2011-08-06;127.291824
2011-08-07;127.081482
2011-08-08;126.162703
2011-08-09;111.044725
2011-08-10;148.295793
2011-08-11;139.830447
2011-08-12;131.673904
2011-08-13;128.965789
2011-08-14;106.252998
2011-08-15;109.228334
2011-08-16;133.59201
2011-08-17;126.72313
2011-08-18;145.423974
2011-08-19;145.394494
2011-08-20;133.006521
2011-08-21;141.828812
2011-08-22;154.12272
2011-08-23;159.740893
2011-08-24;163.930616
2011-08-25;179.131415
2011-08-26;174.253038
2011-08-27;137.849797
2011-08-28;123.719993
2011-08-29;203.363503
2011-08-30;163.764693
2011-08-31;163.671918
2011-09-01;195.648786
2011-09-02;193.079618
2011-09-03;150.931959
2011-09-04;141.33559
2011-09-05;180.241541
2011-09-06;163.719553
2011-09-07;181.112757
2011-09-08;177.906224
2011-09-09;183.418691
2011-09-10;141.384506
2011-09-11;158.915203
2011-09-12;173.323422
2011-09-13;182.550026
2011-09-14;187.431625
2011-09-15;189.366728
2011-09-16;194.127902
2011-09-17;166.610716
2011-09-18;125.008759
2011-09-19;154.504327
2011-09-20;172.820147
2011-09-21;156.017495
2011-09-22;162.440451
2011-09-23;162.201685
2011-09-24;145.230137
2011-09-25;119.271604
2011-09-26;165.853053
2011-09-27;168.877849
2011-09-28;161.367117
2011-09-29;161.148151
2011-09-30;165.466857
2011-10-01;147.927862
2011-10-02;142.589059
2011-10-03;172.075538
2011-10-04;153.70043
2011-10-05;148.91592
2011-10-06;163.687
2011-10-07;154.093355
2011-10-08;142.300367
2011-10-09;124.955585
2011-10-10;148.822959
2011-10-11;155.064376
2011-10-12;169.632083
2011-10-13;158.652293
2011-10-14;154.99975
2011-10-15;141.05887
2011-10-16;156.168178
2011-10-17;155.267
2011-10-18;164.228422
2011-10-19;162.352452
2011-10-20;161.346522
2011-10-21;194.784201
2011-10-22;170.746878
2011-10-23;144.480288
2011-10-24;167.553067
2011-10-25;159.508709
2011-10-26;159.88776
2011-10-27;164.280134
2011-10-28;155.755722
2011-10-29;163.858199
2011-10-30;155.873396
2011-10-31;158.447657
2011-11-01;111.980323
2011-11-02;158.893096
2011-11-03;154.612124
2011-11-04;157.443337
2011-11-05;147.00616
2011-11-06;103.316834
2011-11-07;154.850529
2011-11-08;155.213287
2011-11-09;157.630064
2011-11-10;155.968646
2011-11-11;157.088936
2011-11-12;154.68096
2011-11-13;127.043388
2011-11-14;156.04807
2011-11-15;157.206637
2011-11-16;158.167158
2011-11-17;159.083431
2011-11-18;158.719672
2011-11-19;149.220297
2011-11-20;126.304198
2011-11-21;153.08551
2011-11-22;149.385924
2011-11-23;164.833529
2011-11-24;160.189125
2011-11-25;156.424305
2011-11-26;160.420654
2011-11-27;121.778881
2011-11-28;162.766234
2011-11-29;160.777225
2011-11-30;167.403934
2011-12-01;168.731097
2011-12-02;173.74505
2011-12-03;163.27803
2011-12-04;117.995253
2011-12-05;154.127136
2011-12-06;153.38
2011-12-07;159.178338
2011-12-08;144.360027
2011-12-09;154.737789
2011-12-10;132.678511
2011-12-11;118.633905
2011-12-12;181.452742
2011-12-13;162.738864
2011-12-14;166.597686
2011-12-15;159.088836
2011-12-16;159.416839
2011-12-17;142.759003
2011-12-18;137.390508
2011-12-19;160.753544
2011-12-20;161.941547
2011-12-21;164.854387
2011-12-22;154.623658
2011-12-23;147.920034
2011-12-24;170.108146
2011-12-25;151.832376
2011-12-26;136.935203
2011-12-27;151.718536
2011-12-28;137.341579
2011-12-29;152.78045
2011-12-30;144.685889
2011-12-31;138.64165
2012-01-01;124.4303
2012-01-02;158.39769
2012-01-03;160.003633
2012-01-04;158.112319
2012-01-05;160.329765
2012-01-06;101.171948
2012-01-07;148.101534
2012-01-08;140.572675
2012-01-09;165.407319
2012-01-10;160.52289
2012-01-11;168.486351
2012-01-12;163.70418
2012-01-13;157.352403
2012-01-14;133.80922
2012-01-15;121.615889
2012-01-16;158.561617
2012-01-17;168.334549
2012-01-18;167.063012
2012-01-19;161.246436
2012-01-20;157.513898
2012-01-21;160.39237
2012-01-22;108.43394
2012-01-23;158.131911
2012-01-24;158.788267
2012-01-25;156.944994
2012-01-26;157.414553
2012-01-27;163.095655
2012-01-28;149.820177
2012-01-29;134.757048
2012-01-30;157.365626
2012-01-31;172.422958
2012-02-01;163.325275
2012-02-02;164.576944
2012-02-03;182.223856
2012-02-04;146.46729
2012-02-05;129.049461
2012-02-06;216.697755
2012-02-07;222.568152
2012-02-08;247.613372
2012-02-09;254.403071
2012-02-10;288.834694
2012-02-11;169.763917
2012-02-12;151.80983
2012-02-13;221.942134
2012-02-14;174.062926
2012-02-15;160.112323
2012-02-16;162.655513
2012-02-17;164.17935
2012-02-18;155.458904
2012-02-19;144.027499
2012-02-20;176.217117
2012-02-21;166.689619
2012-02-22;157.805812
2012-02-23;157.348082
2012-02-24;163.130737
2012-02-25;137.480898
2012-02-26;84.563397
2012-02-27;149.783981
2012-02-28;154.590056
2012-02-29;157.31243
2012-03-01;153.935569
2012-03-02;154.851295
2012-03-03;135.086174
2012-03-04;103.061259
2012-03-05;156.040208
2012-03-06;157.694265
2012-03-07;154.738874
2012-03-08;157.249969
2012-03-09;147.967347
2012-03-10;109.128297
2012-03-11;85.033462
2012-03-12;150.281375
2012-03-13;150.083262
2012-03-14;151.532416
2012-03-15;139.472416
2012-03-16;144.645649
2012-03-17;114.550978
2012-03-18;84.129708
2012-03-19;155.949811
2012-03-20;163.156309
2012-03-21;137.636678
2012-03-22;125.804009
2012-03-23;146.739643
2012-03-24;151.469786
2012-03-25;81.352852
2012-03-26;153.337482
2012-03-27;142.26981
2012-03-28;140.271905
2012-03-29;149.787109
2012-03-30;148.582534
2012-03-31;156.397575
2012-04-01;164.077556
2012-04-02;151.492692
2012-04-03;145.061413
2012-04-04;162.058654
2012-04-05;167.481781
2012-04-06;136.233038
2012-04-07;150.872633
2012-04-08;62.51
2012-04-09;58.122366
2012-04-10;165.478516
2012-04-11;148.935688
2012-04-12;142.1481
2012-04-13;149.527929
2012-04-14;145.634549
2012-04-15;122.909957
2012-04-16;158.274407
2012-04-17;142.963961
2012-04-18;140.125029
2012-04-19;152.251621
2012-04-20;151.974044
2012-04-21;112.929587
2012-04-22;99.911781
2012-04-23;135.616046
2012-04-24;136.233097
2012-04-25;94.392313
2012-04-26;140.635331
2012-04-27;127.243458
2012-04-28;132.564019
2012-04-29;133.449597
2012-04-30;128.683681
2012-05-01;96.996336
2012-05-02;148.387259
2012-05-03;105.863756
2012-05-04;128.555279
2012-05-05;127.320926
2012-05-06;99.857326
2012-05-07;142.396297
2012-05-08;127.808053
2012-05-09;122.747834
2012-05-10;144.551293
2012-05-11;139.353087
2012-05-12;107.000951
2012-05-13;102.287143
2012-05-14;141.498113
2012-05-15;137.56298
2012-05-16;135.35323
2012-05-17;132.276559
2012-05-18;146.331104
2012-05-19;133.784843
2012-05-20;119.43
2012-05-21;164.856579
2012-05-22;139.343211
2012-05-23;147.5
2012-05-24;146.648607
2012-05-25;134.4465
2012-05-26;101.611999
2012-05-27;56.135368
2012-05-28;151.653115
2012-05-29;137.695722
2012-05-30;149.943019
2012-05-31;157.243435
2012-06-01;159.64836
2012-06-02;86.06285
2012-06-03;120.80006
2012-06-04;154.3
2012-06-05;110.01285
2012-06-06;145.968882
2012-06-07;153.371263
2012-06-08;153.478488
2012-06-09;139.699161
2012-06-10;96.927957
2012-06-11;119.72154
2012-06-12;141.788859
2012-06-13;128.716629
2012-06-14;144.269171
2012-06-15;154.572362
2012-06-16;129.86
2012-06-17;91.406137
2012-06-18;157.547271
2012-06-19;154.610473
2012-06-20;170.496133
2012-06-21;168.56735
2012-06-22;171.135514
2012-06-23;150.848414
2012-06-24;115.652591
2012-06-25;143.621708
2012-06-26;160.768139
2012-06-27;169.524646
2012-06-28;174.447236
2012-06-29;164.417651
2012-06-30;159.029748
2012-07-01;160.623
2012-07-02;172.29264
2012-07-03;163.391981
2012-07-04;173.509431
2012-07-05;162.704374
2012-07-06;159.720564
2012-07-07;138.362687
2012-07-08;127.209694
2012-07-09;153.194713
2012-07-10;162.490011
2012-07-11;165.316199
2012-07-12;170.458395
2012-07-13;160.760967
2012-07-14;148.549773
2012-07-15;130.128503
2012-07-16;148.756778
2012-07-17;155.228309
2012-07-18;134.347748
2012-07-19;161.839538
2012-07-20;155.760715
2012-07-21;144.643478
2012-07-22;124.757267
2012-07-23;137.364767
2012-07-24;155.039513
2012-07-25;162.816341
2012-07-26;169.344565
2012-07-27;154.272848
2012-07-28;143.749567
2012-07-29;118.681545
2012-07-30;160.586592
2012-07-31;172.059005
2012-08-01;172.3586
2012-08-02;165.601167
2012-08-03;172.85973
2012-08-04;170.991341
2012-08-05;150.308741
2012-08-06;148.677887
2012-08-07;142.343122
2012-08-08;149.526069
2012-08-09;148.866004
2012-08-10;145.409248
2012-08-11;146.565115
2012-08-12;147.900832
2012-08-13;148.242421
2012-08-14;139.760372
2012-08-15;146.473134
2012-08-16;148.16107
2012-08-17;153.065869
2012-08-18;140.50393
2012-08-19;140.588473
2012-08-20;144.603748
2012-08-21;149.5648
2012-08-22;159.0166
2012-08-23;146.333423
2012-08-24;152.421087
2012-08-25;143.083244
2012-08-26;137.941178
2012-08-27;160.964867
2012-08-28;171.302231
2012-08-29;161.655905
2012-08-30;152.205668
2012-08-31;169.213816
2012-09-01;142.146587
2012-09-02;150.727457
2012-09-03;177.436186
2012-09-04;150.707789
2012-09-05;161.669208
2012-09-06;159.708787
2012-09-07;156.507541
2012-09-08;146.623739
2012-09-09;154.05692
2012-09-10;161.842994
2012-09-11;157.83079
2012-09-12;158.16521
2012-09-13;157.20193
2012-09-14;150.890133
2012-09-15;133
2012-09-16;110.592318
2012-09-17;158.161745
2012-09-18;153.365205
2012-09-19;162.878575
2012-09-20;149.338597
2012-09-21;151.107941
2012-09-22;134.884072
2012-09-23;96.824321
2012-09-24;151.527749
2012-09-25;138.571118
2012-09-26;168.931636
2012-09-27;153.189601
2012-09-28;151.587436
2012-09-29;133.718137
2012-09-30;132.559112
2012-10-01;142.077838
2012-10-02;138.963273
2012-10-03;137.379652
2012-10-04;135.636688
2012-10-05;136.498164
2012-10-06;125.571253
2012-10-07;87.29825
2012-10-08;135.204888
2012-10-09;141.68332
2012-10-10;142.392221
2012-10-11;143.030473
2012-10-12;145.895901
2012-10-13;125.293687
2012-10-14;126.931057
2012-10-15;143.691493
2012-10-16;139.65262
2012-10-17;139.387274
2012-10-18;132.397007
2012-10-19;130
2012-10-20;112.554797
2012-10-21;88.112847
2012-10-22;139.228729
2012-10-23;138.352325
2012-10-24;140.941281
2012-10-25;135.78432
2012-10-26;134.445856
2012-10-27;106.797566
2012-10-28;113.344165
2012-10-29;130.978208
2012-10-30;143.456209
2012-10-31;126.175339
2012-11-01;69.741702
2012-11-02;120.964891
2012-11-03;140.752471
2012-11-04;113.666959
2012-11-05;110.696095
2012-11-06;122.108783
2012-11-07;124.950542
2012-11-08;124.498305
2012-11-09;138.817219
2012-11-10;104.630684
2012-11-11;54.752462
2012-11-12;125.96938
2012-11-13;124.215559
2012-11-14;122.799795
2012-11-15;133.292781
2012-11-16;131.015314
2012-11-17;115.424623
2012-11-18;98.308209
2012-11-19;145.667692
2012-11-20;126.532843
2012-11-21;138.601208
2012-11-22;138.970467
2012-11-23;133.804916
2012-11-24;127.718817
2012-11-25;85.801893
2012-11-26;140.588611
2012-11-27;140.141431
2012-11-28;132.34386
2012-11-29;115.37789
2012-11-30;121.260143
2012-12-01;118.343002
2012-12-02;94.093645
2012-12-03;120.153108
2012-12-04;132.672391
2012-12-05;129.050944
2012-12-06;139.170326
2012-12-07;143.06357
2012-12-08;114.044573
2012-12-09;107.253023
2012-12-10;137.102733
2012-12-11;144.966466
2012-12-12;156.177776
2012-12-13;147.589258
2012-12-14;137.596122
2012-12-15;119.239084
2012-12-16;84.439988
2012-12-17;128.304513
2012-12-18;130.59
2012-12-19;124.55032
2012-12-20;134.47023
2012-12-21;134.956324
2012-12-22;90.566237
2012-12-23;114.372451
2012-12-24;129.819217
2012-12-25;90.634983
2012-12-26;91.026088
2012-12-27;138.522956
2012-12-28;113.404078
2012-12-29;86.926854
2012-12-30;127.159703
2012-12-31;130.778964
2013-01-01;102.132378
2013-01-02;127.533744
2013-01-03;127.930252
2013-01-04;128.079341
2013-01-05;95.818446
2013-01-06;89.267396
2013-01-07;140.203728
2013-01-08;127.170262
2013-01-09;135.255541
2013-01-10;131.814301
2013-01-11;126.547213
2013-01-12;112.485136
2013-01-13;99.15484
2013-01-14;134.828516
2013-01-15;135.508411
2013-01-16;122.827339
2013-01-17;150.185531
2013-01-18;142.091433
2013-01-19;126.28
2013-01-20;101.479913
2013-01-21;131.645575
2013-01-22;111.905381
2013-01-23;139.299164
2013-01-24;143.732932
2013-01-25;136.926939
2013-01-26;117.559327
2013-01-27;93.563074
2013-01-28;129.420125
2013-01-29;127.897737
2013-01-30;119.398993
2013-01-31;126.846554
2013-02-01;117.414908
2013-02-02;90.095424
2013-02-03;81.019153
2013-02-04;122.22824
2013-02-05;126.001737
2013-02-06;118.820539
2013-02-07;130.050284
2013-02-08;125.105597
2013-02-09;124.01303
2013-02-10;104.951973
2013-02-11;127.105017
2013-02-12;125.997835
2013-02-13;134.994264
2013-02-14;120.289536
2013-02-15;128.773519
2013-02-16;115.757589
2013-02-17;95.810269
2013-02-18;134.545172
2013-02-19;130.800471
2013-02-20;130.547068
2013-02-21;126.66054
2013-02-22;126.555544
2013-02-23;114.921124
2013-02-24;110.251975
2013-02-25;131.095388
2013-02-26;140.041175
2013-02-27;135.693749
2013-02-28;126.352028
2013-03-01;117.655228
2013-03-02;116.572554
2013-03-03;93.400298
2013-03-04;127.894285
2013-03-05;120.20765
2013-03-06;129.226097
2013-03-07;131.626814
2013-03-08;120.930954
2013-03-09;94.846281
2013-03-10;63.367625
2013-03-11;113.206291
2013-03-12;123.403996
2013-03-13;128.956346
2013-03-14;138.433733
2013-03-15;121.512704
2013-03-16;90.914131
2013-03-17;78.171635
2013-03-18;121.098101
2013-03-19;113.170246
2013-03-20;130.672697
2013-03-21;115.245775
2013-03-22;131.375972
2013-03-23;123.111431
2013-03-24;101.354114
2013-03-25;148.669288
2013-03-26;126.809318
2013-03-27;145.79317
2013-03-28;148.857972
2013-03-29;126.432515
2013-03-30;130.564876
2013-03-31;100.748477
2013-04-01;106.961878
2013-04-02;161.149978
2013-04-03;144.076742
2013-04-04;131.120572
2013-04-05;120.437724
2013-04-06;118.988048
2013-04-07;89.483695
2013-04-08;159.941537
2013-04-09;129.178531
2013-04-10;119.84364
2013-04-11;126.560874
2013-04-12;118.336961
2013-04-13;111.048724
2013-04-14;66.706988
2013-04-15;131.966137
2013-04-16;127.308125
2013-04-17;106.682872
2013-04-18;101.779312
2013-04-19;120.805326
2013-04-20;120.294405
2013-04-21;45.590146
2013-04-22;129.894369
2013-04-23;116.175194
2013-04-24;99.225304
2013-04-25;61.482001
2013-04-26;136.177363
2013-04-27;106.630614
2013-04-28;59.436236
2013-04-29;155.117409
2013-04-30;153.773157
2013-05-01;44.878759
2013-05-02;146.171269
2013-05-03;129.278004
2013-05-04;108.255251
2013-05-05;55.652699
2013-05-06;143.394483
2013-05-07;114.547997
2013-05-08;112.583138
2013-05-09;79.355436
2013-05-10;109.592156
2013-05-11;94.084113
2013-05-12;47.867536
2013-05-13;109.910727
2013-05-14;95.821356
2013-05-15;117.273327
2013-05-16;135.828541
2013-05-17;119.750357
2013-05-18;75
2013-05-19;27.691671
2013-05-20;90.399509
2013-05-21;91.644236
2013-05-22;107.999333
2013-05-23;100.417858
2013-05-24;86.546834
2013-05-25;84.711967
2013-05-26;29.388211
2013-05-27;123.29418
2013-05-28;111.915573
2013-05-29;106.648724
2013-05-30;108.876543
2013-05-31;96.761627
2013-06-01;71.135423
2013-06-02;29.914343
2013-06-03;121.03
2013-06-04;109.630411
2013-06-05;113.15
2013-06-06;105.545852
2013-06-07;87.399979
2013-06-08;83.898963
2013-06-09;57.70836
2013-06-10;119.33
2013-06-11;88.076613
2013-06-12;75.947712
2013-06-13;69.801476
2013-06-14;104.240291
2013-06-15;80.985926
2013-06-16;40.636289
2013-06-17;129.442033
2013-06-18;117.100818
2013-06-19;147.473834
2013-06-20;133.30351
2013-06-21;125.450785
2013-06-22;126.802593
2013-06-23;41.012503
2013-06-24;92.826023
2013-06-25;117.456766
2013-06-26;122.98581
2013-06-27;117.810459
2013-06-28;122.242034
2013-06-29;90.067089
2013-06-30;35.420803
2013-07-01;137.851659
2013-07-02;134.814486
2013-07-03;130.373807
2013-07-04;139.415007
2013-07-05;125.755405
2013-07-06;109.302474
2013-07-07;69.861174
2013-07-08;127.448205
2013-07-09;132.895129
2013-07-10;126.403547
2013-07-11;126.688436
2013-07-12;130.82741
2013-07-13;127.738078
2013-07-14;97.733992
2013-07-15;126.376199
2013-07-16;129.367925
2013-07-17;127.751122
2013-07-18;125.913978
2013-07-19;132.515876
2013-07-20;116.848017
2013-07-21;92.728042
2013-07-22;127.162386
2013-07-23;128.103973
2013-07-24;130.127879
2013-07-25;141.409395
2013-07-26;137.668996
2013-07-27;127.083805
2013-07-28;83.285653
2013-07-29;156.627821
2013-07-30;127.649935
2013-07-31;122.067566
2013-08-01;121.03486
2013-08-02;121.28385
2013-08-03;125.256425
2013-08-04;98.796145
2013-08-05;129.214148
2013-08-06;128.29692
2013-08-07;129.36816
2013-08-08;135.561106
2013-08-09;124.542629
2013-08-10;126.645974
2013-08-11;90.267497
2013-08-12;127.721954
2013-08-13;129.649338
2013-08-14;124.577623
2013-08-15;93.215085
2013-08-16;121.786002
2013-08-17;103.966523
2013-08-18;99.06334
2013-08-19;123.680493
2013-08-20;127.858287
2013-08-21;114.018365
2013-08-22;123.629899
2013-08-23;124.795153
2013-08-24;113.834643
2013-08-25;103.39
2013-08-26;130.21051
2013-08-27;128.064947
2013-08-28;120.894429
2013-08-29;128.336538
2013-08-30;125.678773
2013-08-31;115.371075
2013-09-01;101.517182
2013-09-02;140.755067
2013-09-03;123.114408
2013-09-04;125.481066
2013-09-05;133.191816
2013-09-06;137.96214
2013-09-07;117.778288
2013-09-08;119.930107
2013-09-09;135.254056
2013-09-10;138.142596
2013-09-11;161.118787
2013-09-12;130.066965
2013-09-13;124.342261
2013-09-14;126.784176
2013-09-15;122.38064
2013-09-16;115.614734
2013-09-17;100.856911
2013-09-18;124.023616
2013-09-19;106.849787
2013-09-20;136.669013
2013-09-21;126.770748
2013-09-22;98.214021
2013-09-23;119.503514
2013-09-24;130.178406
2013-09-25;127.802052
2013-09-26;123.818615
2013-09-27;126.924936
2013-09-28;124.650175
2013-09-29;119.472846
2013-09-30;135.771036
2013-10-01;132.192174
2013-10-02;145.191527
2013-10-03;136.656295
2013-10-04;140.118984
2013-10-05;131.640305
2013-10-06;127.764806
2013-10-07;145.570573
2013-10-08;153.810692
2013-10-09;144.947195
2013-10-10;137.906334
2013-10-11;138.1
2013-10-12;131.080238
2013-10-13;121.787755
2013-10-14;140.959623
2013-10-15;131.969075
2013-10-16;116.422645
2013-10-17;126.230719
2013-10-18;147.016204
2013-10-19;123.72
2013-10-20;95.89
2013-10-21;138.835336
2013-10-22;138.555915
2013-10-23;128.495799
2013-10-24;124.325722
2013-10-25;124.249967
2013-10-26;96.580656
2013-10-27;52.003359
2013-10-28;119.195619
2013-10-29;121.370402
2013-10-30;121.962481
2013-10-31;122.464689
2013-11-01;109.328198
2013-11-02;119.749664
2013-11-03;80.303927
2013-11-04;122.030643
2013-11-05;114.18
2013-11-06;116.925262
2013-11-07;122.549557
2013-11-08;120.178764
2013-11-09;82.568447
2013-11-10;100.293008
2013-11-11;125.390167
2013-11-12;122.771864
2013-11-13;127.361245
2013-11-14;123.644358
2013-11-15;133.716468
2013-11-16;128.919407
2013-11-17;97.646763
2013-11-18;119.353366
2013-11-19;129.266547
2013-11-20;98.022453
2013-11-21;128.028707
2013-11-22;126.870321
2013-11-23;80.446607
2013-11-24;87.75945
2013-11-25;125.686513
2013-11-26;114.320484
2013-11-27;140.563174
2013-11-28;142.014067
2013-11-29;137.556469
2013-11-30;136.060074
2013-12-01;87.91658
2013-12-02;136.493975
2013-12-03;142.343543
2013-12-04;150.019303
2013-12-05;149.191649
2013-12-06;127.894546
2013-12-07;139.331484
2013-12-08;125.118273
2013-12-09;159.508082
2013-12-10;146.029975
2013-12-11;146.346075
2013-12-12;150.666864
2013-12-13;146.616119
2013-12-14;137.98453
2013-12-15;113.475255
2013-12-16;134.445487
2013-12-17;138.620679
2013-12-18;144.751309
2013-12-19;135.285865
2013-12-20;141.671853
2013-12-21;125
2013-12-22;140.661761
2013-12-23;143.21323
2013-12-24;136.625965
2013-12-25;98.479326
2013-12-26;64.76913
2013-12-27;128.1704
2013-12-28;130.294215
2013-12-29;101.26
2013-12-30;128.099639
2013-12-31;119.235988
2014-01-01;79.629319
2014-01-02;137.864256
2014-01-03;136.725719
2014-01-04;137.963692
2014-01-05;73.310866
2014-01-06;122.69221
2014-01-07;140.920131
2014-01-08;130.654258
2014-01-09;128.246771
2014-01-10;121.692069
2014-01-11;127.521957
2014-01-12;115.95323
2014-01-13;133.53084
2014-01-14;130.182474
2014-01-15;125.810998
2014-01-16;126.350385
2014-01-17;115.283814
2014-01-18;117.961084
2014-01-19;88.438842
2014-01-20;116.774214
2014-01-21;112.50979
2014-01-22;117.998864
2014-01-23;131.17
2014-01-24;119.588532
2014-01-25;94.559484
2014-01-26;68.735154
2014-01-27;123.180652
2014-01-28;111.221982
2014-01-29;124.670775
2014-01-30;125.820049
2014-01-31;115.448198
2014-02-01;108.1504
2014-02-02;79.221597
2014-02-03;125.94982
2014-02-04;129.053401
2014-02-05;123.017112
2014-02-06;109.36717
2014-02-07;124.71148
2014-02-08;84.782514
2014-02-09;30.875908
2014-02-10;112.064983
2014-02-11;110.611098
2014-02-12;105.675265
2014-02-13;108.76904
2014-02-14;84.848689
2014-02-15;99.674212
2014-02-16;49.176111
2014-02-17;99.322896
2014-02-18;107.836429
2014-02-19;99.575359
2014-02-20;110.858771
2014-02-21;113.99
2014-02-22;65.894847
2014-02-23;58.119156
2014-02-24;102.784467
2014-02-25;112.549276
2014-02-26;112.225068
2014-02-27;110.833693
2014-02-28;103.539777
2014-03-01;76.000464
2014-03-02;68.459329
2014-03-03;99.76928
2014-03-04;93.349206
2014-03-05;111.803247
2014-03-06;89.958602
2014-03-07;90.65379
2014-03-08;68.466346
2014-03-09;26.109992
2014-03-10;98.223954
2014-03-11;104.790503
2014-03-12;100.588233
2014-03-13;105.467897
2014-03-14;98.791002
2014-03-15;65.544842
2014-03-16;30.34
2014-03-17;102.229166
2014-03-18;90.452003
2014-03-19;84.561747
2014-03-20;83.312234
2014-03-21;92.369452
2014-03-22;59.457816
2014-03-23;35.388441
2014-03-24;82.87133
2014-03-25;99.683961
2014-03-26;97.836062
2014-03-27;104.055187
2014-03-28;82.53401
2014-03-29;48.988817
2014-03-30;44.880874
2014-03-31;125.972335
2014-04-01;84.618426
2014-04-02;87.456916
2014-04-03;98.848318
2014-04-04;105.793517
2014-04-05;87.47716
2014-04-06;31.61924
2014-04-07;75.936655
2014-04-08;86.5
2014-04-09;77.812881
2014-04-10;79.172452
2014-04-11;83.159874
2014-04-12;76.269065
2014-04-13;76.441256
2014-04-14;98.401003
2014-04-15;82.139976
2014-04-16;86.815596
2014-04-17;84.498257
2014-04-18;84.58
2014-04-19;83.283501
2014-04-20;75.01
2014-04-21;84.585452
2014-04-22;143.793957
2014-04-23;117.828731
2014-04-24;96.464161
2014-04-25;77.61978
2014-04-26;96.590346
2014-04-27;76.116177
2014-04-28;120.734183
2014-04-29;97.786091
2014-04-30;107.162538
2014-05-01;54.127232
2014-05-02;110.223047
2014-05-03;101.279518
2014-05-04;50.383305
2014-05-05;87.22
2014-05-06;90.847444
2014-05-07;90.28436
2014-05-08;85.195185
2014-05-09;88.235157
2014-05-10;82.420806
2014-05-11;30.43
2014-05-12;78.386282
2014-05-13;85.296228
2014-05-14;64.976176
2014-05-15;83.067332
2014-05-16;90.144645
2014-05-17;88.321656
2014-05-18;71.382325
2014-05-19;106.49
2014-05-20;95.28489
2014-05-21;94.382345
2014-05-22;93.712215
2014-05-23;102.166869
2014-05-24;80.232995
2014-05-25;54.105742
2014-05-26;94.479039
2014-05-27;81.860108
2014-05-28;93.661052
2014-05-29;100.602197
2014-05-30;89.860215
2014-05-31;69.096662
2014-06-01;59.95349
2014-06-02;75.015919
2014-06-03;91.638372
2014-06-04;92.763427
2014-06-05;88.16188
2014-06-06;89.706001
2014-06-07;73.955291
2014-06-08;55.503559
2014-06-09;87.073584
2014-06-10;91.648919
2014-06-11;93.75975
2014-06-12;99.196387
2014-06-13;98.235867
2014-06-14;87.662141
2014-06-15;73.204954
2014-06-16;113.524154
2014-06-17;104.27
2014-06-18;98.990383
2014-06-19;94.99
2014-06-20;89.215066
2014-06-21;79.463666
2014-06-22;78.381784
2014-06-23;101.899854
2014-06-24;85.887126
2014-06-25;99.587979
2014-06-26;106.965917
2014-06-27;97.060393
2014-06-28;84.106531
2014-06-29;69.983984
2014-06-30;83.954854
2014-07-01;95.112478
2014-07-02;94.886356
2014-07-03;90.40613
2014-07-04;88.285966
2014-07-05;85.072463
2014-07-06;75.84
2014-07-07;102.815286
2014-07-08;92.011109
2014-07-09;86.029173
2014-07-10;87.910338
2014-07-11;83.551179
2014-07-12;84.872946
2014-07-13;68.215828
2014-07-14;92.296128
2014-07-15;86.897811
2014-07-16;83.496673
2014-07-17;89.069161
2014-07-18;98.26416
2014-07-19;79.279679
2014-07-20;80.835273
2014-07-21;90.007065
2014-07-22;91.01582
2014-07-23;96.586524
2014-07-24;100.943223
2014-07-25;99.084648
2014-07-26;93.643844
2014-07-27;70.927518
2014-07-28;96.683873
2014-07-29;98.453377
2014-07-30;91.227528
2014-07-31;95.515773
2014-08-01;94.355283
2014-08-02;78.050825
2014-08-03;67.506888
2014-08-04;93.31941
2014-08-05;94.46705
2014-08-06;86.773003
2014-08-07;83.732222
2014-08-08;83.113482
2014-08-09;81.174857
2014-08-10;93.55742
2014-08-11;89.566381
2014-08-12;91.563187
2014-08-13;91.562226
2014-08-14;82.618541
2014-08-15;68.93
2014-08-16;86.803813
2014-08-17;65.449398
2014-08-18;92.129661
2014-08-19;90.501933
2014-08-20;84.218086
2014-08-21;86.526898
2014-08-22;90.270561
2014-08-23;89.254731
2014-08-24;76.955355
2014-08-25;99.807007
2014-08-26;104.573597
2014-08-27;96.803311
2014-08-28;107.83
2014-08-29;106.76642
2014-08-30;98.814303
2014-08-31;92.826677
2014-09-01;98.97879
2014-09-02;99.685192
2014-09-03;123.457401
2014-09-04;112.334868
2014-09-05;113.4414
2014-09-06;100.050153
2014-09-07;90.82268
2014-09-08;108.221227
2014-09-09;110.839501
2014-09-10;119.617116
2014-09-11;119.057938
2014-09-12;110.168299
2014-09-13;95.252984
2014-09-14;89.931829
2014-09-15;111.214126
2014-09-16;115.624778
2014-09-17;111.648078
2014-09-18;115.389174
2014-09-19;112.247484
2014-09-20;109.499499
2014-09-21;103.729369
2014-09-22;123.2
2014-09-23;111.394347
2014-09-24;119.422426
2014-09-25;119.71373
2014-09-26;114.561102
2014-09-27;103.026546
2014-09-28;107.745329
2014-09-29;156.938198
2014-09-30;117.981663
2014-10-01;139.53631
2014-10-02;142.129961
2014-10-03;138.881672
2014-10-04;126.487728
2014-10-05;106.006268
2014-10-06;136.970909
2014-10-07;138.771522
2014-10-08;144.848373
2014-10-09;141.001439
2014-10-10;130.747258
2014-10-11;123.521155
2014-10-12;110.03534
2014-10-13;123.149787
2014-10-14;120.547024
2014-10-15;112.529427
2014-10-16;115.391469
2014-10-17;117.920352
2014-10-18;115.242198
2014-10-19;80.787051
2014-10-20;126.917807
2014-10-21;136.241481
2014-10-22;119.437281
2014-10-23;117.144696
2014-10-24;116.751881
2014-10-25;105.910712
2014-10-26;64.831813
2014-10-27;115.295919
2014-10-28;118.542398
2014-10-29;123.884316
2014-10-30;129.447806
2014-10-31;122.449249
2014-11-01;86.290187
2014-11-02;95.556224
2014-11-03;123.60731
2014-11-04;114.676004
2014-11-05;104.004797
2014-11-06;104.034275
2014-11-07;105.056709
2014-11-08;89.331172
2014-11-09;60.45823
2014-11-10;111.886588
2014-11-11;111.223498
2014-11-12;116.954662
2014-11-13;113.553062
2014-11-14;110.252534
2014-11-15;88.869351
2014-11-16;66.112311
2014-11-17;98.334174
2014-11-18;102.029057
2014-11-19;109.678649
2014-11-20;110.25957
2014-11-21;113.040443
2014-11-22;93.919025
2014-11-23;85.784972
2014-11-24;110.761898
2014-11-25;116.064805
2014-11-26;131.427172
2014-11-27;123.382616
2014-11-28;123.988032
2014-11-29;105.698969
2014-11-30;78.644033
2014-12-01;110.944515
2014-12-02;125.407974
2014-12-03;129.407004
2014-12-04;131.97
2014-12-05;129.690958
2014-12-06;105.48512
2014-12-07;111.167125
2014-12-08;103.024797
2014-12-09;127.749935
2014-12-10;106.84345
2014-12-11;118.01
2014-12-12;114.22
2014-12-13;104.467651
2014-12-14;93.926541
2014-12-15;120.22
2014-12-16;128.17
2014-12-17;126.792677
2014-12-18;121.349341
2014-12-19;116.161552
2014-12-20;112.951244
2014-12-21;104.00439
2014-12-22;116.798552
2014-12-23;110.799547
2014-12-24;110.779492
2014-12-25;92.973753
2014-12-26;90.324026
2014-12-27;110.5
2014-12-28;82.033648
2014-12-29;96.580511
2014-12-30;108.03
2014-12-31;117.22
2015-01-01;77.9
2015-01-02;115.21588
2015-01-03;103.349136
2015-01-04;89.523865
2015-01-05;103.138484
2015-01-06;92.6
2015-01-07;116.772418
2015-01-08;127.263164
2015-01-09;117.015942
2015-01-10;90.051803
2015-01-11;71.264018
2015-01-12;102.03907
2015-01-13;107.941461
2015-01-14;101.884687
2015-01-15;108.016256
2015-01-16;108.086744
2015-01-17;88.09
2015-01-18;79.747648
2015-01-19;104.80148
2015-01-20;108.236289
2015-01-21;108.578976
2015-01-22;110.06062
2015-01-23;109.610118
2015-01-24;90.639685
2015-01-25;77.74311
2015-01-26;104.078197
2015-01-27;106.212166
2015-01-28;103.213334
2015-01-29;106.611334
2015-01-30;97.717868
2015-01-31;97.47
2015-02-01;70.835738
2015-02-02;109.616826
2015-02-03;125.266476
2015-02-04;115.56612
2015-02-05;119.9079
2015-02-06;110.14
2015-02-07;105.67823
2015-02-08;85.2
2015-02-09;117.48099
2015-02-10;122.65191
2015-02-11;122.53863
2015-02-12;125.41938
2015-02-13;112.61621
2015-02-14;114.84895
2015-02-15;96.04923
2015-02-16;116.17
2015-02-17;103.75012
2015-02-18;110.44336
2015-02-19;113.13315
2015-02-20;113.94918
2015-02-21;98.34
2015-02-22;100.86073
2015-02-23;107.57864
2015-02-24;110.93743
2015-02-25;105.06
2015-02-26;111.33
2015-02-27;117.65317
2015-02-28;97.76691
2015-03-01;100.59175
2015-03-02;95.35754
2015-03-03;108.85043
2015-03-04;103.59442
2015-03-05;98.19856
2015-03-06;92.96817
2015-03-07;79.25555
2015-03-08;85.16227
2015-03-09;95.85138
2015-03-10;105.92593
2015-03-11;99.7974
2015-03-12;88.24517
2015-03-13;91.76362
2015-03-14;98.90215
2015-03-15;94.83966
2015-03-16;113.01027
2015-03-17;107.68029
2015-03-18;105.2177
2015-03-19;99.60451
2015-03-20;138.47592
2015-03-21;86.85984
2015-03-22;92.77487
2015-03-23;107.08093
2015-03-24;113.63336
2015-03-25;114.2444
2015-03-26;106.96581
2015-03-27;93.67741
2015-03-28;60.96776
2015-03-29;69.23084
2015-03-30;80.20513
2015-03-31;96.11591
2015-04-01;87.54584
2015-04-02;106.57148
2015-04-03;85.27317
2015-04-04;103.07745
2015-04-05;81.05018
2015-04-06;61.46761
2015-04-07;87.39287
2015-04-08;84.18788
2015-04-09;98.7846
2015-04-10;100.12526
2015-04-11;104.51109
2015-04-12;93.6629
2015-04-13;105.49717
2015-04-14;100.48
2015-04-15;90.96961
2015-04-16;99.37047
2015-04-17;92.65563
2015-04-18;89.69257
2015-04-19;89.65228
2015-04-20;98.23916
2015-04-21;83.09065
2015-04-22;97.96222
2015-04-23;94.64854
2015-04-24;103.97083
2015-04-25;97.64656
2015-04-26;98.83998
2015-04-27;126.31796
2015-04-28;88.94066
2015-04-29;99.24038
2015-04-30;91.13845
2015-05-01;65.66668
2015-05-02;76.24124
2015-05-03;83.54043
2015-05-04;119.54705
2015-05-05;100.14189
2015-05-06;115.89635
2015-05-07;99.23053
2015-05-08;96.51391
2015-05-09;80.41321
2015-05-10;52.89933
2015-05-11;86.14541
2015-05-12;100.95419
2015-05-13;100.88316
2015-05-14;83.07506
2015-05-15;97.42
2015-05-16;93.0668
2015-05-17;63.9
2015-05-18;90.74587
2015-05-19;95.46976
2015-05-20;93.5836
2015-05-21;97.39768
2015-05-22;94.39056
2015-05-23;67.51776
2015-05-24;78.33228
2015-05-25;87.65973
2015-05-26;98.51242
2015-05-27;87.78126
2015-05-28;82.15185
2015-05-29;92.37732
2015-05-30;75.67961
2015-05-31;78.27376
2015-06-01;96.53748
2015-06-02;77.41447
2015-06-03;100.15472
2015-06-04;104.37255
2015-06-05;98.12471
2015-06-06;92.97417
2015-06-07;86.80768
2015-06-08;101.38769
2015-06-09;97.748
2015-06-10;97.39471
2015-06-11;97.38599
2015-06-12;117.39
2015-06-13;101.63492
2015-06-14;97.84033
2015-06-15;101.42097
2015-06-16;106.76008
2015-06-17;114.8574
2015-06-18;91.43341
2015-06-19;94.86354
2015-06-20;89.29639
2015-06-21;60.35
2015-06-22;90.38425
2015-06-23;89.42258
2015-06-24;95.02667
2015-06-25;94.67579
2015-06-26;91.19741
2015-06-27;78.7686
2015-06-28;86.88196
2015-06-29;93.56024
2015-06-30;99.69541
2015-07-01;96.15389
2015-07-02;102.73576
2015-07-03;102.9812
2015-07-04;94.01432
2015-07-05;90.34226
2015-07-06;122.26131
2015-07-07;134.22351
2015-07-08;136.03582
2015-07-09;147.94531
2015-07-10;124.62667
2015-07-11;91.70917
2015-07-12;92.74849
2015-07-13;116.61716
2015-07-14;129.45349
2015-07-15;144.79521
2015-07-16;146.72983
2015-07-17;145.60231
2015-07-18;116.78157
2015-07-19;106.54519
2015-07-20;135.3138
2015-07-21;151.93795
2015-07-22;197.71
2015-07-23;242.58433
2015-07-24;174.95
2015-07-25;115.13448
2015-07-26;93.32717
2015-07-27;124.85212
2015-07-28;128.8986
2015-07-29;148.95463
2015-07-30;136.05764
2015-07-31;135.02556
2015-08-01;112.81876
2015-08-02;106.72912
2015-08-03;115.07711
2015-08-04;115.04868
2015-08-05;114.32023
2015-08-06;123.73765
2015-08-07;114.84801
2015-08-08;111.25593
2015-08-09;102.36761
2015-08-10;107.94473
2015-08-11;106.65515
2015-08-12;101.96785
2015-08-13;95.51855
2015-08-14;97.84394
2015-08-15;86.18173
2015-08-16;82.21234
2015-08-17;92.47151
2015-08-18;92.7722
2015-08-19;92.84625
2015-08-20;80.03311
2015-08-21;85.74527
2015-08-22;81.70566
2015-08-23;79.71626
2015-08-24;99.77113
2015-08-25;92.32155
2015-08-26;105.29615
2015-08-27;93.95665
2015-08-28;105.44524
2015-08-29;88.94197
2015-08-30;86.66417
2015-08-31;109.50661
2015-09-01;120.63
2015-09-02;123.13128
2015-09-03;112.85174
2015-09-04;107.90621
2015-09-05;108.20402
2015-09-06;80.49353
2015-09-07;110.57285
2015-09-08;107.06643
2015-09-09;110.28508
2015-09-10;101.74875
2015-09-11;115.50608
2015-09-12;98.26376
2015-09-13;88.57736
2015-09-14;104.13304
2015-09-15;102.92857
2015-09-16;103.06179
2015-09-17;116.22947
2015-09-18;102.30992
2015-09-19;88.93761
2015-09-20;75.18639
2015-09-21;89.03965
2015-09-22;108.17947
2015-09-23;100.13282
2015-09-24;96.39439
2015-09-25;96.78952
2015-09-26;82.83914
2015-09-27;71.45473
2015-09-28;94.67306
2015-09-29;96.53097
2015-09-30;91.48165
2015-10-01;96.02511
2015-10-02;106.90521
2015-10-03;84.56518
2015-10-04;77.04512
2015-10-05;92.55275
2015-10-06;95.38676
2015-10-07;88.38382
2015-10-08;98.8571
2015-10-09;98.94874
2015-10-10;77.28902
2015-10-11;65.39638
2015-10-12;98.45182
2015-10-13;106.51644
2015-10-14;107.51383
2015-10-15;100.40801
2015-10-16;112.71092
2015-10-17;88.66811
2015-10-18;80.59673
2015-10-19;109.66716
2015-10-20;108.73043
2015-10-21;104.0381
2015-10-22;93.4916
2015-10-23;98.52041
2015-10-24;85.67958
2015-10-25;79.09897
2015-10-26;102.59211
2015-10-27;103.87571
2015-10-28;109.13159
2015-10-29;98.29
2015-10-30;96.37899
2015-10-31;77.49081
2015-11-01;60.33718
2015-11-02;90.14966
2015-11-03;95.69784
2015-11-04;99.57606
2015-11-05;98.93475
2015-11-06;94.41661
2015-11-07;81.23349
2015-11-08;63.45101
2015-11-09;106.53934
2015-11-10;107.36932
2015-11-11;102.44467
2015-11-12;110.67046
2015-11-13;118.7889
2015-11-14;85.1384
2015-11-15;80.33125
2015-11-16;104.34379
2015-11-17;118.12117
2015-11-18;142.24831
2015-11-19;146.13
2015-11-20;126.56075
2015-11-21;87.91956
2015-11-22;61.81591
2015-11-23;136.16972
2015-11-24;133.70693
2015-11-25;123.90742
2015-11-26;117.99365
2015-11-27;120.03003
2015-11-28;100.65601
2015-11-29;83.25765
2015-11-30;109.82833
2015-12-01;116.92207
2015-12-02;145.98829
2015-12-03;120.18349
2015-12-04;145.17213
2015-12-05;139.2
2015-12-06;91.33465
2015-12-07;110.13125
2015-12-08;93.61362
2015-12-09;116.28485
2015-12-10;114.65983
2015-12-11;112.12772
2015-12-12;111.05266
2015-12-13;87.48591
2015-12-14;120.3743
2015-12-15;128.0307
2015-12-16;145.19178
2015-12-17;130.9235
2015-12-18;130.45084
2015-12-19;100.28652
2015-12-20;87.15018
2015-12-21;114.31263
2015-12-22;107.72776
2015-12-23;107.30041
2015-12-24;96.50619
2015-12-25;81.60243
2015-12-26;71.714
2015-12-27;83.59245
2015-12-28;88.2406
2015-12-29;88.21893
2015-12-30;85.09869
2015-12-31;90.97733
2016-01-01;75.857
2016-01-02;88.22328
2016-01-03;60.69859
2016-01-04;86.28441
2016-01-05;91.26
2016-01-06;94.21014
2016-01-07;109.82281
2016-01-08;105.7956
2016-01-09;84.35389
2016-01-10;64.6736
2016-01-11;93.50204
2016-01-12;99.15194
2016-01-13;91.15511
2016-01-14;104.80105
2016-01-15;86.00166
2016-01-16;85.68828
2016-01-17;66.62667
2016-01-18;89.77396
2016-01-19;133.54086
2016-01-20;112.76324
2016-01-21;113.48854
2016-01-22;103.84344
2016-01-23;88.03829
2016-01-24;74.02896
2016-01-25;98.07287
2016-01-26;96.8772
2016-01-27;96.52
2016-01-28;101.54246
2016-01-29;95.19973
2016-01-30;87.75456
2016-01-31;46.84305
2016-02-01;88.31918
2016-02-02;92.6811
2016-02-03;82.93149
2016-02-04;76.1418
2016-02-05;77.80517
2016-02-06;76.19695
2016-02-07;67.95449
2016-02-08;82.8316
2016-02-09;77.08335
2016-02-10;71.54831
2016-02-11;74.42167
2016-02-12;80.27131
2016-02-13;60.83523
2016-02-14;62.01276
2016-02-15;78.68641
2016-02-16;78.48274
2016-02-17;76.25784
2016-02-18;77.59358
2016-02-19;74.60107
2016-02-20;59.45
2016-02-21;47.47439
2016-02-22;73.54819
2016-02-23;73.48184
2016-02-24;70.72531
2016-02-25;71.78393
2016-02-26;74.73231
2016-02-27;66.86529
2016-02-28;55.61115
2016-02-29;73.72674
2016-03-01;70.50444
2016-03-02;73.69502
2016-03-03;66.80192
2016-03-04;69.10746
2016-03-05;73.06032
2016-03-06;69.6565
2016-03-07;75.89784
2016-03-08;81.51798
2016-03-09;76.84804
2016-03-10;78.69347
2016-03-11;73.86853
2016-03-12;69.24037
2016-03-13;58.25069
2016-03-14;69.17525
2016-03-15;80.88403
2016-03-16;90.64837
2016-03-17;72.5576
2016-03-18;72.96661
2016-03-19;63.39527
2016-03-20;57.83
2016-03-21;68.56608
2016-03-22;69.95326
2016-03-23;70.33579
2016-03-24;62.61592
2016-03-25;59.13351
2016-03-26;68.76079
2016-03-27;56.34097
2016-03-28;65.16318
2016-03-29;69.01432
2016-03-30;64.44711
2016-03-31;63.47248
2016-04-01;68.77093
2016-04-02;65.2027
2016-04-03;64.66034
2016-04-04;68.65228
2016-04-05;65.24367
2016-04-06;64.0068
2016-04-07;62.92886
2016-04-08;64.87291
2016-04-09;62.07889
2016-04-10;56.9833
2016-04-11;59.73853
2016-04-12;59.56521
2016-04-13;64.86254
2016-04-14;60.15649
2016-04-15;64.86991
2016-04-16;59.29316
2016-04-17;60.41081
2016-04-18;63.8979
2016-04-19;59.89867
2016-04-20;48.47689
2016-04-21;59.44572
2016-04-22;63.88472
2016-04-23;74.12793
2016-04-24;51.28431
2016-04-25;55.60476
2016-04-26;66.52472
2016-04-27;64.72999
2016-04-28;76.16309
2016-04-29;69.72451
2016-04-30;69.67621
2016-05-01;60.88882
2016-05-02;73.62202
2016-05-03;65.38822
2016-05-04;65.56525
2016-05-05;64.58311
2016-05-06;67.09014
2016-05-07;64.38582
2016-05-08;60.5048
2016-05-09;76.44097
2016-05-10;78.7568
2016-05-11;82.76936
2016-05-12;73.16901
2016-05-13;68.64946
2016-05-14;60.74934
2016-05-15;54.87768
2016-05-16;61.73786
2016-05-17;67.13643
2016-05-18;74.08364
2016-05-19;78.21528
2016-05-20;67.38397
2016-05-21;41.64013
2016-05-22;51.68819
2016-05-23;66.40698
2016-05-24;58.66314
2016-05-25;66.35549
2016-05-26;69.67305
2016-05-27;69.8176
2016-05-28;59.11705
2016-05-29;64.32438
2016-05-30;77.70017
2016-05-31;73.07843
2016-06-01;89.5197
2016-06-02;61.2272
2016-06-03;80.95035
2016-06-04;72.14216
2016-06-05;67.48025
2016-06-06;68.85428
2016-06-07;66.28325
2016-06-08;70.37958
2016-06-09;77.9697
2016-06-10;76.50696
2016-06-11;62.33185
2016-06-12;53.4621
2016-06-13;69.5
2016-06-14;66.35744
2016-06-15;70.16
2016-06-16;68.72455
2016-06-17;61.09708
2016-06-18;52.2667
2016-06-19;49.35682
2016-06-20;66.74777
2016-06-21;74.91227
2016-06-22;79.11826
2016-06-23;68
2016-06-24;80.54387
2016-06-25;58.94
2016-06-26;53.93206
2016-06-27;76.04597
2016-06-28;71.04556
2016-06-29;77.13
2016-06-30;84.29147
2016-07-01;80.30877
2016-07-02;78.7583
2016-07-03;62
2016-07-04;83.69
2016-07-05;84.56857
2016-07-06;85.2
2016-07-07;88.57
2016-07-08;94.4
2016-07-09;73.32934
2016-07-10;66.97483
2016-07-11;94.04984
2016-07-12;129.72
2016-07-13;93.78404
2016-07-14;79.25376
2016-07-15;79.10497
2016-07-16;52.63102
2016-07-17;47.75341
2016-07-18;78.48921
2016-07-19;81.00263
2016-07-20;78.936
2016-07-21;88.55313
2016-07-22;84.77359
2016-07-23;78.73286
2016-07-24;67.52475
2016-07-25;84.97221
2016-07-26;81.34907
2016-07-27;82.67972
2016-07-28;83.67899
2016-07-29;79.98172
2016-07-30;74.54435
2016-07-31;73.7534
2016-08-01;79.29819
2016-08-02;78.7502
2016-08-03;78.55439
2016-08-04;80.47378
2016-08-05;81.3562
2016-08-06;73.1458
2016-08-07;60.4039
2016-08-08;75.43641
2016-08-09;69.67319
2016-08-10;65.96969
2016-08-11;68.7062
2016-08-12;62.0288
2016-08-13;54.64018
2016-08-14;55.60211
2016-08-15;61.00558
2016-08-16;72.19
2016-08-17;67.18353
2016-08-18;67.3791
2016-08-19;74.35151
2016-08-20;66.46607
2016-08-21;67.73688
2016-08-22;67.55756
2016-08-23;65.55629
2016-08-24;64.20716
2016-08-25;66.57274
2016-08-26;73.82151
2016-08-27;69.59441
2016-08-28;69.01258
2016-08-29;81.01241
2016-08-30;85.24496
2016-08-31;86.09643
2016-09-01;94.87786
2016-09-02;97.74881
2016-09-03;76.63666
2016-09-04;70.70603
2016-09-05;84.16836
2016-09-06;85.35802
2016-09-07;94.41356
2016-09-08;87.78002
2016-09-09;81.00497
2016-09-10;72.54561
2016-09-11;67.65197
2016-09-12;91.59873
2016-09-13;91.167
2016-09-14;89.98876
2016-09-15;95.55075
2016-09-16;95.42076
2016-09-17;73.41639
2016-09-18;65.76
2016-09-19;80.2889
2016-09-20;86.44757
2016-09-21;90.46136
2016-09-22;85.79578
2016-09-23;89.84813
2016-09-24;74.42925
2016-09-25;68.57091
2016-09-26;84.07497
2016-09-27;88.18494
2016-09-28;90.44203
2016-09-29;88.63091
2016-09-30;90.0581
2016-10-01;88
2016-10-02;76.85
2016-10-03;90.73225
2016-10-04;95.61022
2016-10-05;87.08732
2016-10-06;102.76598
2016-10-07;116.09473
2016-10-08;85.3237
2016-10-09;79.32883
2016-10-10;102.96288
2016-10-11;125.39559
2016-10-12;114.86357
2016-10-13;114.41276
2016-10-14;115.93404
2016-10-15;86.10918
2016-10-16;74.54
2016-10-17;104.93394
2016-10-18;124.25799
2016-10-19;121.20978
2016-10-20;133.23574
2016-10-21;137.16236
2016-10-22;102.97681
2016-10-23;94.86
2016-10-24;124.81917
2016-10-25;149.40885
2016-10-26;133.57904
2016-10-27;112.29404
2016-10-28;113.43604
2016-10-29;91.5339
2016-10-30;93.21305
2016-10-31;92.73483
2016-11-01;94.11969
2016-11-02;113.60399
2016-11-03;114.54308
2016-11-04;135.20188
2016-11-05;93.32181
2016-11-06;83.32866
2016-11-07;126.67745
2016-11-08;138.68818
2016-11-09;131.04806
2016-11-10;114.13273
2016-11-11;109.29511
2016-11-12;93.57575
2016-11-13;105.71
2016-11-14;158.89241
2016-11-15;155.41121
2016-11-16;131.56406
2016-11-17;122.20039
2016-11-18;117.01055
2016-11-19;105.32807
2016-11-20;96.78
2016-11-21;109.82
2016-11-22;114.97836
2016-11-23;107.6356
2016-11-24;107.71902
2016-11-25;106.90299
2016-11-26;89.36
2016-11-27;80.86
2016-11-28;113.2
2016-11-29;117.30228
2016-11-30;147.36076
2016-12-01;133.23501
2016-12-02;127.77469
2016-12-03;106.962
2016-12-04;84.85824
2016-12-05;117.84076
2016-12-06;123.24675
2016-12-07;113.68629
2016-12-08;100.6
2016-12-09;104.82577
2016-12-10;97.25246
2016-12-11;93.8595
2016-12-12;116.71109
2016-12-13;118.6408
2016-12-14;123.19501
2016-12-15;128.14125
2016-12-16;118.24185
2016-12-17;96.14799
2016-12-18;94.22398
2016-12-19;128.87975
2016-12-20;122.11664
2016-12-21;121.40546
2016-12-22;122.42588
2016-12-23;109.70597
2016-12-24;96.92
2016-12-25;81.28
2016-12-26;91.49
2016-12-27;114.34206
2016-12-28;92.35698
2016-12-29;85.22767
2016-12-30;106.4449
2016-12-31;97.99466
2017-01-01;96.09
2017-01-02;110.26071
2017-01-03;111.44178
2017-01-04;123.49377
2017-01-05;106.5611
2017-01-06;99.08319
2017-01-07;108.13784
2017-01-08;104.81095
2017-01-09;128.32769
2017-01-10;152.13631
2017-01-11;152.85747
2017-01-12;163.6784
2017-01-13;170.19981
2017-01-14;117.38984
2017-01-15;116.30559
2017-01-16;159.81095
2017-01-17;188.81388
2017-01-18;165.01066
2017-01-19;171.14839
2017-01-20;177.20723
2017-01-21;129.86337
2017-01-22;124.94904
2017-01-23;171.18288
2017-01-24;195.9715
2017-01-25;195.01802
2017-01-26;187.42522
2017-01-27;144.21491
2017-01-28;117.22225
2017-01-29;114.72452
2017-01-30;136.08672
2017-01-31;157.51438
2017-02-01;155.58716
2017-02-02;134.94792
2017-02-03;134.87346
2017-02-04;101.34775
2017-02-05;96.89496
2017-02-06;147.43906
2017-02-07;121.60822
2017-02-08;122.13787
2017-02-09;120.45494
2017-02-10;129.15067
2017-02-11;108.69737
2017-02-12;98.22095
2017-02-13;108.89898
2017-02-14;107.05122
2017-02-15;103.98237
2017-02-16;107.90769
2017-02-17;108.76392
2017-02-18;92.59263
2017-02-19;90.94
2017-02-20;120.28231
2017-02-21;106.29659
2017-02-22;99.58644
2017-02-23;103.47007
2017-02-24;103.71655
2017-02-25;96.38
2017-02-26;90.37761
2017-02-27;103.52951
2017-02-28;99.52822
2017-03-01;95.48778
2017-03-02;96.53678
2017-03-03;96.43868
2017-03-04;86.20425
2017-03-05;99.59544
2017-03-06;88.01072
2017-03-07;94.37187
2017-03-08;86.18728
2017-03-09;88.31151
2017-03-10;90.42527
2017-03-11;57.00667
2017-03-12;86.21
2017-03-13;96.83
2017-03-14;86.21
2017-03-15;86.41
2017-03-16;78.99
2017-03-17;88.99401
2017-03-18;76.89614
2017-03-19;76.94
2017-03-20;90.04412
2017-03-21;96.83563
2017-03-22;90.91855
2017-03-23;85.89662
2017-03-24;90.48479
2017-03-25;82.59071
2017-03-26;75.44049
2017-03-27;77.41
2017-03-28;83.53774
2017-03-29;85.80484
2017-03-30;80.19054
2017-03-31;87.04408
2017-04-01;86.40729
2017-04-02;78.37
2017-04-03;87.7221
2017-04-04;99.97402
2017-04-05;106.61272
2017-04-06;88.20163
2017-04-07;94.43428
2017-04-08;81.68719
2017-04-09;82.11
2017-04-10;83.51
2017-04-11;80.35
2017-04-12;92.75505
2017-04-13;79.85206
2017-04-14;83.80074
2017-04-15;71.79
2017-04-16;67.78
2017-04-17;63.49
2017-04-18;90.57217
2017-04-19;82.53116
2017-04-20;86.80271
2017-04-21;90.26418
2017-04-22;79.82
2017-04-23;75.17528
2017-04-24;111.00905
2017-04-25;81.70499
2017-04-26;95.2308
2017-04-27;94.62854
2017-04-28;86.29245
2017-04-29;70.93
2017-04-30;67.07
2017-05-01;74.54
2017-05-02;100
2017-05-03;101.57146
2017-05-04;97.93736
2017-05-05;96.38
2017-05-06;87.01907
2017-05-07;63.48559
2017-05-08;89.504
2017-05-09;87.65328
2017-05-10;91.3577
2017-05-11;86.42481
2017-05-12;83.00236
2017-05-13;79.21212
2017-05-14;68.64
2017-05-15;77.32676
2017-05-16;73.14
2017-05-17;76.07
2017-05-18;90.53387
2017-05-19;76.54443
2017-05-20;71.37846
2017-05-21;54.86
2017-05-22;79.62625
2017-05-23;85.87058
2017-05-24;83.2271
2017-05-25;90.42358
2017-05-26;79.67241
2017-05-27;74.27584
2017-05-28;57.76
2017-05-29;80.37734
2017-05-30;98.71769
2017-05-31;94.9162
2017-06-01;97.89033
2017-06-02;74.76954
2017-06-03;92.58588
2017-06-04;68.14971
2017-06-05;92.19847
2017-06-06;100.15703
2017-06-07;84.06343
2017-06-08;81.07934
2017-06-09;87.5766
2017-06-10;78.88474
2017-06-11;80.34736
2017-06-12;95.22514
2017-06-13;90.55299
2017-06-14;104.98995
2017-06-15;104.25319
2017-06-16;108.12164
2017-06-17;92.65324
2017-06-18;61.72676
2017-06-19;92.32357
2017-06-20;104.07342
2017-06-21;101.89787
2017-06-22;112.36383
2017-06-23;120.64286
2017-06-24;90.62022
2017-06-25;86.69088
2017-06-26;99.96913
2017-06-27;96.35853
2017-06-28;97.85745
2017-06-29;90.33076
2017-06-30;89.29507
2017-07-01;83.77729
2017-07-02;63.78344
2017-07-03;79.8971
2017-07-04;88.26
2017-07-05;98.56164
2017-07-06;98.68439
2017-07-07;95.22866
2017-07-08;94.37263
2017-07-09;81.03616
2017-07-10;101.98942
2017-07-11;102.13031
2017-07-12;112.22124
2017-07-13;105.48002
2017-07-14;107.22926
2017-07-15;83.58295
2017-07-16;62.9
2017-07-17;93.05026
2017-07-18;96.33026
2017-07-19;101.91087
2017-07-20;107.92882
2017-07-21;118.6131
2017-07-22;84.04593
2017-07-23;76.24302
2017-07-24;95.66559
2017-07-25;88.36682
2017-07-26;96.08058
2017-07-27;104.96105
2017-07-28;97.14676
2017-07-29;97.72
2017-07-30;80.35
2017-07-31;126.10224
2017-08-01;103.32867
2017-08-02;142.12
2017-08-03;178.80593
2017-08-04;172.12001
2017-08-05;97.75825
2017-08-06;86.81691
2017-08-07;93.2484
2017-08-08;100.84097
2017-08-09;102.41231
2017-08-10;95.43373
2017-08-11;84.86779
2017-08-12;91.33629
2017-08-13;73.09
2017-08-14;80.81
2017-08-15;78.62
2017-08-16;94.57087
2017-08-17;94.1286
2017-08-18;92.06495
2017-08-19;87.19004
2017-08-20;75.7
2017-08-21;87.68526
2017-08-22;97.71993
2017-08-23;97.01002
2017-08-24;99.55273
2017-08-25;104.71724
2017-08-26;98.61681
2017-08-27;82.14495
2017-08-28;145.98131
2017-08-29;108.16705
2017-08-30;128.91415
2017-08-31;111.69882
2017-09-01;117.59563
2017-09-02;87.62
2017-09-03;68.49014
2017-09-04;98.97
2017-09-05;112.72542
2017-09-06;103.52211
2017-09-07;107.81508
2017-09-08;104.90488
2017-09-09;87.21
2017-09-10;83.00035
2017-09-11;94.28409
2017-09-12;88.86379
2017-09-13;101.95106
2017-09-14;94.31856
2017-09-15;100.34028
2017-09-16;82.09303
2017-09-17;76.70404
2017-09-18;98.05148
2017-09-19;93.12154
2017-09-20;93.43532
2017-09-21;103.28875
2017-09-22;105.01
2017-09-23;95.95
2017-09-24;86.78394
2017-09-25;107.34036
2017-09-26;105.34
2017-09-27;102.26
2017-09-28;105.19949
2017-09-29;104.24434
2017-09-30;88.7975
2017-10-01;93.52
2017-10-02;109.2893
2017-10-03;112.5505
2017-10-04;114.38256
2017-10-05;114.03014
2017-10-06;112.78617
2017-10-07;77.15134
2017-10-08;87.40172
2017-10-09;119.26063
2017-10-10;128.84381
2017-10-11;118.53702
2017-10-12;115.13074
2017-10-13;113.57957
2017-10-14;96.02588
2017-10-15;80.68584
2017-10-16;106.34681
2017-10-17;114.7766
2017-10-18;114.6624
2017-10-19;116.85896
2017-10-20;116.43396
2017-10-21;106.34021
2017-10-22;90.16171
2017-10-23;104.36802
2017-10-24;107.478
2017-10-25;117.28939
2017-10-26;123.52513
2017-10-27;126.29646
2017-10-28;95.07276
2017-10-29;88.28946
2017-10-30;104.51303
2017-10-31;111.5168
2017-11-01;99.33
2017-11-02;112.28198
2017-11-03;117.30698
2017-11-04;97.67
2017-11-05;102.05223
2017-11-06;117.33034
2017-11-07;125.18598
2017-11-08;143.20745
2017-11-09;171.63971
2017-11-10;159.32982
2017-11-11;120.96
2017-11-12;101.19607
2017-11-13;116.33686
2017-11-14;150.4015
2017-11-15;138.80575
2017-11-16;139.37921
2017-11-17;135.03156
2017-11-18;109.74034
2017-11-19;106.10849
2017-11-20;128.85961
2017-11-21;122.73477
2017-11-22;128.16441
2017-11-23;137.45
2017-11-24;139.2916
2017-11-25;103.44086
2017-11-26;91.81663
2017-11-27;110.74867
2017-11-28;153.63
2017-11-29;144.69346
2017-11-30;135.11558
2017-12-01;145.43448
2017-12-02;130.67659
2017-12-03;113.18816
2017-12-04;159.49117
2017-12-05;171.20468
2017-12-06;174.21675
2017-12-07;154.72225
2017-12-08;128.80699
2017-12-09;124.82761
2017-12-10;110.32404
2017-12-11;137.18495
2017-12-12;150.62923
2017-12-13;195.01542
2017-12-14;160.57372
2017-12-15;123.93375
2017-12-16;115.83
2017-12-17;104.48532
2017-12-18;131.8419
2017-12-19;131.59445
2017-12-20;154.14614
2017-12-21;138.52116
2017-12-22;129.74938
2017-12-23;86.75162
2017-12-24;97.3
2017-12-25;101.19
2017-12-26;95.54
2017-12-27;94.68432
2017-12-28;91.354
2017-12-29;96.96372
2017-12-30;85.41
2017-12-31;82.01
2018-01-01;87.95964
2018-01-02;90.3
2018-01-03;103.95
2018-01-04;94.34287
2018-01-05;100.53
2018-01-06;88.92
2018-01-07;86.72
2018-01-08;98.14705
2018-01-09;112.13621
2018-01-10;100.8
2018-01-11;105.89779
2018-01-12;103.6244
2018-01-13;91.29
2018-01-14;87.13
2018-01-15;102.73631
2018-01-16;99.99627
2018-01-17;92.89962
2018-01-18;98.65912
2018-01-19;97.03203
2018-01-20;95.56356
2018-01-21;74.01252
2018-01-22;92.21814
2018-01-23;101.53
2018-01-24;98.0687
2018-01-25;102.79686
2018-01-26;99.2939
2018-01-27;92.73
2018-01-28;90.33121
2018-01-29;102.82546
2018-01-30;95.84742
2018-01-31;102.24731
2018-02-01;94.79862
2018-02-02;99.31361
2018-02-03;89.75869
2018-02-04;78.36
2018-02-05;102.06021
2018-02-06;104.98334
2018-02-07;102.41319
2018-02-08;106.60652
2018-02-09;105.25324
2018-02-10;91.19753
2018-02-11;72.1952
2018-02-12;101.45723
2018-02-13;104.82372
2018-02-14;100.2
2018-02-15;95.68808
2018-02-16;103.36744
2018-02-17;97.62306
2018-02-18;88.193
2018-02-19;112.42658
2018-02-20;110.14459
2018-02-21;113.1
2018-02-22;117.97
2018-02-23;154.75136
2018-02-24;139.78112
2018-02-25;101.57
2018-02-26;173.06896
2018-02-27;215.73958
2018-02-28;170.43434
2018-03-01;199.81749
2018-03-02;204.33689
2018-03-03;147.18
2018-03-04;100.71
2018-03-05;154.35467
2018-03-06;115.10833
2018-03-07;102.73823
2018-03-08;98.61075
2018-03-09;103
2018-03-10;95.74455
2018-03-11;128.87013
2018-03-12;91.11354
2018-03-13;95.55121
2018-03-14;98.0717
2018-03-15;122.6128
2018-03-16;103.92943
2018-03-17;106.6744
2018-03-18;78.34636
2018-03-19;120.16109
2018-03-20;119.36236
2018-03-21;111.67836
2018-03-22;121.32353
2018-03-23;106.92593
2018-03-24;93.17644
2018-03-25;89.37
2018-03-26;108.53393
2018-03-27;106.43489
2018-03-28;102.86094
2018-03-29;97.11872
2018-03-30;101.06377
2018-03-31;72.4649
2018-04-01;46.50048
2018-04-02;100.51
2018-04-03;101.19
2018-04-04;118.41626
2018-04-05;103.13986
2018-04-06;103.00187
2018-04-07;97.61
2018-04-08;75.76
2018-04-09;110.52
2018-04-10;104.29941
2018-04-11;110.81
2018-04-12;107.72
2018-04-13;110.5941
2018-04-14;92.71269
2018-04-15;92.66
2018-04-16;110.65
2018-04-17;106.19909
2018-04-18;96.48
2018-04-19;91.89883
2018-04-20;94.4
2018-04-21;93.37582
2018-04-22;82.89167
2018-04-23;95.83359
2018-04-24;113.94647
2018-04-25;79.73
2018-04-26;103.26356
2018-04-27;95.73833
2018-04-28;85.71781
2018-04-29;81.81
2018-04-30;96.33
2018-05-01;73.47
2018-05-02;105.83
2018-05-03;92.22284
2018-05-04;118.39795
2018-05-05;94.29768
2018-05-06;98.30174
2018-05-07;100.58541
2018-05-08;104.34798
2018-05-09;113.07351
2018-05-10;116.18513
2018-05-11;111.46789
2018-05-12;89.93398
2018-05-13;75.74
2018-05-14;91.00666
2018-05-15;111.5
2018-05-16;108.4
2018-05-17;128.42
2018-05-18;111.53
2018-05-19;99.62
2018-05-20;92.15
2018-05-21;137.64
2018-05-22;111.59214
2018-05-23;111.86
2018-05-24;108.94
2018-05-25;112.73
2018-05-26;95.98385
2018-05-27;76.64
2018-05-28;111.29821
2018-05-29;120.10571
2018-05-30;113.24849
2018-05-31;129.32
2018-06-01;121.06
2018-06-02;103.19684
2018-06-03;79.37237
2018-06-04;126.0345
2018-06-05;121.54508
2018-06-06;112.65998
2018-06-07;125.19489
2018-06-08;129.30933
2018-06-09;80.3
2018-06-10;97.70227
2018-06-11;128.29
2018-06-12;120.82044
2018-06-13;116.47587
2018-06-14;120.59
2018-06-15;110.67116
2018-06-16;103.24678
2018-06-17;89.28013
2018-06-18;114.56065
2018-06-19;111.74712
2018-06-20;117.65392
2018-06-21;127.31587
2018-06-22;127.26
2018-06-23;95.68628
2018-06-24;93.20639
2018-06-25;117.69
2018-06-26;109.06243
2018-06-27;118.17223
2018-06-28;119.10797
2018-06-29;118.84966
2018-06-30;102.39305
2018-07-01;95.18963
2018-07-02;122.1098
2018-07-03;120.97023
2018-07-04;140.73238
2018-07-05;122.5
2018-07-06;120.92
2018-07-07;101.83881
2018-07-08;98.61333
2018-07-09;119.87
2018-07-10;127.94778
2018-07-11;126.04564
2018-07-12;126.6059
2018-07-13;135.52867
2018-07-14;113.0684
2018-07-15;97.23559
2018-07-16;125.58827
2018-07-17;124.14083
2018-07-18;130.36702
2018-07-19;121.39
2018-07-20;132.01727
2018-07-21;116.59414
2018-07-22;92.15996
2018-07-23;121.37394
2018-07-24;117.54293
2018-07-25;122.41549
2018-07-26;126.92913
2018-07-27;131.34
2018-07-28;119.34
2018-07-29;101.42474
2018-07-30;132.09676
2018-07-31;127.76693
2018-08-01;142.13882
2018-08-02;141.56507
2018-08-03;144.30301
2018-08-04;124.13017
2018-08-05;127.95994
2018-08-06;134.49156
2018-08-07;129.93681
2018-08-08;134.67548
2018-08-09;127.78589
2018-08-10;133.77393
2018-08-11;117.44217
2018-08-12;118.4629
2018-08-13;121.08
2018-08-14;121.54079
2018-08-15;125.04
2018-08-16;122.26679
2018-08-17;121.99198
2018-08-18;113.74797
2018-08-19;113.80268
2018-08-20;130.41399
2018-08-21;132.1425
2018-08-22;133.76278
2018-08-23;135.44317
2018-08-24;131.99
2018-08-25;126.92351
2018-08-26;110.06616
2018-08-27;125.7136
2018-08-28;132.74299
2018-08-29;137.99868
2018-08-30;149.67412
2018-08-31;146.02
2018-09-01;129.86366
2018-09-02;129.36
2018-09-03;137.95485
2018-09-04;139.25905
2018-09-05;148.39518
2018-09-06;148.97
2018-09-07;153.32072
2018-09-08;139.58861
2018-09-09;135.68513
2018-09-10;164.08987
2018-09-11;154.97261
2018-09-12;164.41864
2018-09-13;186.11111
2018-09-14;165.33299
2018-09-15;146.74318
2018-09-16;131.81005
2018-09-17;162.42436
2018-09-18;162.04101
2018-09-19;152.83
2018-09-20;153.0053
2018-09-21;172.0642
2018-09-22;159.78
2018-09-23;134.97
2018-09-24;154.53541
2018-09-25;149.88449
2018-09-26;151.85896
2018-09-27;147.77018
2018-09-28;142.12611
2018-09-29;132.13891
2018-09-30;124.99891
2018-10-01;147.5607
2018-10-02;160.30924
2018-10-03;154.57916
2018-10-04;154.59403
2018-10-05;157.0086
2018-10-06;167.07224
2018-10-07;144.50956
2018-10-08;155.45548
2018-10-09;168.49058
2018-10-10;156.52125
2018-10-11;157.675
2018-10-12;149.49982
2018-10-13;131.91006
2018-10-14;123.74
2018-10-15;147.10195
2018-10-16;161.33656
2018-10-17;173.85026
2018-10-18;158.51912
2018-10-19;166.18709
2018-10-20;141.43509
2018-10-21;121.54683
2018-10-22;154.01543
2018-10-23;151.35937
2018-10-24;151.44931
2018-10-25;154.27581
2018-10-26;152.8426
2018-10-27;127.92461
2018-10-28;103.30715
2018-10-29;132.73733
2018-10-30;143.76781
2018-10-31;145.17362
2018-11-01;121.70145
2018-11-02;129.87704
2018-11-03;116.51
2018-11-04;106.88462
2018-11-05;127.15966
2018-11-06;126.89571
2018-11-07;119.03978
2018-11-08;122.75656
2018-11-09;127.8554
2018-11-10;121.5
2018-11-11;112.88172
2018-11-12;133.01668
2018-11-13;129.50024
2018-11-14;125.49752
2018-11-15;132.19747
2018-11-16;139.74896
2018-11-17;127.23
2018-11-18;119.12
2018-11-19;150.69883
2018-11-20;155.83955
2018-11-21;151.09056
2018-11-22;171.31142
2018-11-23;169.34835
2018-11-24;133.99014
2018-11-25;112.34667
2018-11-26;147.29325
2018-11-27;154.10868
2018-11-28;120.90239
2018-11-29;127.82091
2018-11-30;141.91858
2018-12-01;134.31584
2018-12-02;127.35
2018-12-03;136.63581
2018-12-04;136.50077
2018-12-05;131.79291
2018-12-06;143.66016
2018-12-07;136.92643
2018-12-08;88.56
2018-12-09;102.24
2018-12-10;124.88042
2018-12-11;129.50377
2018-12-12;151.2678
2018-12-13;145.02881
2018-12-14;151.53499
2018-12-15;132.02675
2018-12-16;121.02005
2018-12-17;151.76262
2018-12-18;128.6863
2018-12-19;152.69168
2018-12-20;142.10593
2018-12-21;141.71682
2018-12-22;117.91311
2018-12-23;126.38
2018-12-24;122.46693
2018-12-25;84.18509
2018-12-26;118.46845
2018-12-27;125.50424
2018-12-28;122.10442
2018-12-29;112.39416
2018-12-30;137.44
2018-12-31;118.06408
